<?xml version="1.0" encoding="utf-8"?>
<ScreenPen_Configuration Screen_Pen="화면낙서">
  <Language>2</Language>
  <Hanguel>0</Hanguel>
  <HotKey>Ctrl+Tab</HotKey>
  <Draw_Mode>0</Draw_Mode>
  <Effect_Mode>0</Effect_Mode>
  <Pen_Color>255</Pen_Color>
  <Pen_Width>5</Pen_Width>
  <Pen_Type>2</Pen_Type>
  <Text_Size>20</Text_Size>
  <Text_Font>System</Text_Font>
  <AutoSaveEnv>-1</AutoSaveEnv>
  <AutoSaveScreen>0</AutoSaveScreen>
  <Navigation>0</Navigation>
  <AlwaysTop>-1</AlwaysTop>
  <ToolBarView>0</ToolBarView>
  <DualMonitor>-1</DualMonitor>
  <ZoomStatusKeep>0</ZoomStatusKeep>
  <CanvasAutoClear>-1</CanvasAutoClear>
  <HotKeyList>
    <N_PenW_1Pixel>16433</N_PenW_1Pixel>
    <N_PenW_2Pixel>16434</N_PenW_2Pixel>
    <N_PenW_3Pixel>16435</N_PenW_3Pixel>
    <N_PenW_4Pixel>16436</N_PenW_4Pixel>
    <N_PenW_5Pixel>16437</N_PenW_5Pixel>
    <N_Pen_FreeLine>70</N_Pen_FreeLine>
    <N_Pen_Line>76</N_Pen_Line>
    <N_Pen_ArrowLine>65</N_Pen_ArrowLine>
    <N_Pen_RoundRect>83</N_Pen_RoundRect>
    <N_PenC_Red>82</N_PenC_Red>
    <N_PenC_Yellow>16473</N_PenC_Yellow>
    <N_PenC_Blue>66</N_PenC_Blue>
    <N_PenC_Green>71</N_PenC_Green>
    <N_PenC_Black>16459</N_PenC_Black>
    <N_PenC_White>16471</N_PenC_White>
    <N_ToolbarView>16468</N_ToolbarView>
    <N_File_Save>16467</N_File_Save>
    <N_TwitterUpload>49235</N_TwitterUpload>
    <N_Env_Save>16467</N_Env_Save>
  </HotKeyList>
</ScreenPen_Configuration>
